Opportunity,Product Line,Quote: Quote Number,Quote: Created Date,Quote Line: Line Name,Account Name,Account Type,Status,Approval Status,Quote: Owner Name,Payment Terms,Bill To Country,Ship To Country,Part Number,Lead Time (weeks),Quantity,Net Unit Price,Net Total,Regional Sales Manager,Sales Rep,CS Office,Channel,Approved Date,Business Unit,Distributor,Email DateTime Stamp,End Date,Expires On,Internal Notes,Line Item Count,OPNUM,Original Quote,PLM Approval Required,QTAT (Business Days),Quote Approved Date Time Stamp,QuoteNum,Quote Presented DateTimeStamp,Quote Submitted For Approval Date Time,Quote TAT Days,Quote Line: Last Modified Date,Quote Line: Created Date,Line Note,MOQ Tier,Quote Year,Qtr,Yr_Qtr
Synthetic Opportunity 00006,MICROWAVE,Q-400006,6/17/2024,QL-8000006,Synthetic Account 7,Customer,Accepted,Not Required,Synthetic User 7,Net 30,,Canada,ADP12055,10 weeks,1222,$376.79 ,"$460,437.38 ",Synthetic User 7,Synthetic User 7,Office 7,Distribution,46274,RF,,45307.66597,,45329,Synthetic note for record 00006,2476,OP270000002494,,,2552,45406.78472,QN270000002589,45428.81111,,,45461,45472,Synthetic note for record 00006,2723,2742,Synthetic Qtr 00006,Synthetic Yr_Qtr 00006
Synthetic Opportunity 00004,AMPLIFIERS,Q-400004,5/14/2024,QL-8000004,Synthetic Account 5,Prospect,Presented,Pending,Synthetic User 5,Prepaid,,Japan,ADP12054,8 weeks,948,$325.91 ,"$119,362.68 ",Synthetic User 5,Synthetic User 5,Office 5,Distribution,46240,CS,,46273.47569,,45295,Synthetic note for record 00004,2202,OP270000002220,,,2278,45372.59444,QN270000002315,45394.62083,,,45427,45438,Synthetic note for record 00004,2449,2468,Synthetic Qtr 00004,Synthetic Yr_Qtr 00004
Synthetic Opportunity 04139,FILTERS,Q-404139,3/5/2025,QL-8004139,Synthetic Account 240,Distributor,Expired,Approved,Synthetic User 40,Net 45,Japan,Germany,ADP12055-T,15 weeks,7443,$283.07 ,"$2,106,890.01 ",Synthetic User 40,Synthetic User 40,Office 10,Direct,45535,MW,,45568.875,,45590,Synthetic note for record 04139,8697,OP270000568715,,Yes,8773,45667.99375,QN270000568810,45689.02014,45700.03333,8868,45722,45733,Synthetic note for record 04139,8944,3963,Synthetic Qtr 04139,Synthetic Yr_Qtr 04139
Synthetic Opportunity 04138,MICROWAVE,Q-404138,2/16/2025,QL-8004138,Synthetic Account 239,Prospect,Accepted,Pending,Synthetic User 39,Prepaid,Germany,Canada,ADP12055-T,14 weeks,7306,$278.97 ,"$2,038,154.82 ",Synthetic User 39,Synthetic User 39,Office 9,Distribution,45518,CS,,45551.77986,,45573,Synthetic note for record 04138,8560,OP270000568578,,No,8636,45650.89861,QN270000568673,45672.925,45683.93819,8731,45705,45716,Synthetic note for record 04138,8807,3826,Synthetic Qtr 04138,Synthetic Yr_Qtr 04138
Synthetic Opportunity 04137,RF,Q-404137,1/30/2025,QL-8004137,Synthetic Account 238,Customer,Draft,Not Required,Synthetic User 38,Net 30,Canada,United States,ADP12055-T,13 weeks,7169,$276.24 ,"$1,980,364.56 ",Synthetic User 38,Synthetic User 38,Office 8,Direct,45501,RF,,45534.68472,,45556,Synthetic note for record 04137,8423,OP270000568441,,Yes,8499,45633.80347,QN270000568536,45655.82986,45666.84306,8594,45688,45699,Synthetic note for record 04137,8670,3689,Synthetic Qtr 04137,Synthetic Yr_Qtr 04137
Synthetic Opportunity 04140,AMPLIFIERS,Q-404140,3/22/2025,QL-8004140,Synthetic Account 241,Customer,Presented,Not Required,Synthetic User 41,Net 30,United States,Japan,ADP12055-T,16 weeks,7580,$265.30 ,"$2,010,974.00 ",Synthetic User 41,Synthetic User 41,Office 1,Distribution,45552,RF,,45585.97014,,45607,Synthetic note for record 04140,8834,OP270000568852,,No,8910,45684.08889,QN270000568947,45706.11528,45717.12847,9005,45739,45750,Synthetic note for record 04140,9081,4100,Synthetic Qtr 04140,Synthetic Yr_Qtr 04140
Synthetic Opportunity 02639,FILTERS,Q-402639,7/18/2026,QL-8002639,Synthetic Account 240,Distributor,Expired,Approved,Synthetic User 40,Net 45,,Germany,ADP11870,19 weeks,1943,$223.04 ,"$433,366.72 ",Synthetic User 40,Synthetic User 40,Office 10,Direct,46035,MW,,46068.16667,,46090,,3197,OP270000363215,,Yes,3273,46167.28542,QN270000363310,46189.31181,46200.325,3368,46222,46233,Synthetic note for record 02639,3444,3463,Synthetic Qtr 02639,Synthetic Yr_Qtr 02639
Synthetic Opportunity 02638,MICROWAVE,Q-402638,7/1/2026,QL-8002638,Synthetic Account 239,Prospect,Accepted,Pending,Synthetic User 39,Prepaid,,Canada,ADP11870,18 weeks,1806,$219.81 ,"$396,976.86 ",Synthetic User 39,Synthetic User 39,Office 9,Distribution,46018,CS,,46051.07153,,46073,,3060,OP270000363078,,No,3136,46150.19028,QN270000363173,46172.21667,46183.22986,3231,46205,46216,Synthetic note for record 02638,3307,3326,Synthetic Qtr 02638,Synthetic Yr_Qtr 02638
Synthetic Opportunity 00704,AMPLIFIERS,Q-400704,2/4/2024,QL-8000704,Digikey,Distributor,Won,Approved,Synthetic User 5,Net 45,United States,Japan,ADP11871,4 weeks,6848,$199.24 ,"$1,364,395.52 ",Synthetic User 5,Synthetic User 5,Office 5,Distribution,46140,MW,,46173.07292,,46195,,8102,OP270000098120,,,8178,46272.19167,QN270000098215,45294.21806,,,45327,45338,Synthetic note for record 00704,8349,3368,Synthetic Qtr 00704,Synthetic Yr_Qtr 00704
Synthetic Opportunity 01384,AMPLIFIERS,Q-401384,8/17/2025,QL-8001384,Synthetic Account 185,Prospect,Presented,Pending,Synthetic User 35,Prepaid,United States,Japan,ADP11871,12 weeks,8,$199.24 ,"$1,593.92 ",Synthetic User 35,Synthetic User 35,Office 5,Distribution,45700,CS,,45733.76736,,45755,Synthetic note for record 01384,1262,OP270000191280,,,,45832.88611,QN270000191375,45854.9125,,,45887,45898,Synthetic note for record 01384,1509,1528,Synthetic Qtr 01384,Synthetic Yr_Qtr 01384
Synthetic Opportunity 02064,AMPLIFIERS,Q-402064,6/3/2024,QL-8002064,Digikey,Customer,Won,Not Required,Synthetic User 15,Net 30,United States,Japan,ADP11871,4 weeks,3168,$199.24 ,"$631,192.32 ",Synthetic User 15,Synthetic User 15,Office 5,Distribution,46260,RF,,45293.46181,,45315,,4422,OP270000284440,,,4498,45392.58056,QN270000284535,45414.60694,,,45447,45458,Synthetic note for record 02064,4669,4688,Synthetic Qtr 02064,Synthetic Yr_Qtr 02064
Synthetic Opportunity 02844,AMPLIFIERS,Q-402844,2/18/2025,QL-8002844,Synthetic Account 145,Customer,Presented,Not Required,Synthetic User 45,Net 30,,Japan,ADP11871,16 weeks,28,$199.24 ,"$5,578.72 ",Synthetic User 45,Synthetic User 45,Office 5,Distribution,45520,RF,,45553.67014,,45575,Synthetic note for record 02844,1282,OP270000391300,,No,1358,45652.78889,QN270000391395,45674.81528,45685.82847,,45707,45718,Synthetic note for record 02844,1529,1548,Synthetic Qtr 02844,Synthetic Yr_Qtr 02844
Synthetic Opportunity 04984,AMPLIFIERS,Q-404984,3/5/2026,QL-8004984,Synthetic Account 185,Prospect,Presented,Pending,Synthetic User 35,Prepaid,United States,Japan,ADP11871,12 weeks,3208,$199.24 ,"$639,161.92 ",Synthetic User 35,Synthetic User 35,Office 5,Distribution,45900,CS,,45933.26736,,45955,Synthetic note for record 04984,4462,OP270000684480,,,4538,46032.38611,QN270000684575,46054.4125,,4633,46087,46098,Synthetic note for record 04984,4709,4728,Synthetic Qtr 04984,Synthetic Yr_Qtr 04984
Synthetic Opportunity 05764,AMPLIFIERS,Q-405764,2/24/2024,QL-8005764,Synthetic Account 65,Prospect,Presented,Pending,Synthetic User 15,Prepaid,United States,Japan,ADP11871,8 weeks,68,$199.24 ,"$13,548.32 ",Synthetic User 15,Synthetic User 15,Office 5,Distribution,46160,CS,,46193.47569,,46215,Synthetic note for record 05764,1322,OP270000791340,,No,1398,45292.59444,QN270000791435,45314.62083,45325.63403,1493,45347,45358,Synthetic note for record 05764,1569,1588,Synthetic Qtr 05764,Synthetic Yr_Qtr 05764
Synthetic Opportunity 00528,AMPLIFIERS,Q-400528,2/12/2024,QL-8000528,Digikey,Customer,Lost,Not Required,Synthetic User 29,Net 30,,Japan,ADP11871,4 weeks,2736,$208.35 ,"$537,213.60 ",Synthetic User 29,Synthetic User 29,Office 9,Distribution,46148,RF,,46181.32847,,46203,Synthetic note for record 00528,3990,OP270000074008,,No,4066,46280.44722,QN270000074103,45302.47361,45313.48681,4161,45335,45346,Synthetic note for record 00528,4237,4256,Synthetic Qtr 00528,Synthetic Yr_Qtr 00528
Synthetic Opportunity 01208,AMPLIFIERS,Q-401208,8/25/2025,QL-8001208,Synthetic Account 9,Distributor,Presented,Approved,Synthetic User 9,Net 45,United States,Japan,ADP11871,12 weeks,5896,$196.35 ,"$1,157,679.60 ",Synthetic User 9,Synthetic User 9,Office 9,Distribution,45708,MW,,45741.02292,,45763,Synthetic note for record 01208,7150,OP270000167168,,,7226,45840.14167,QN270000167263,45862.16806,45873.18125,,45895,45906,Synthetic note for record 01208,7397,2416,Synthetic Qtr 01208,Synthetic Yr_Qtr 01208
Synthetic Opportunity 01988,AMPLIFIERS,Q-401988,5/12/2026,QL-8001988,Synthetic Account 189,Distributor,Presented,Approved,Synthetic User 39,Net 45,United States,Japan,ADP11871,8 weeks,2756,$196.35 ,"$541,140.60 ",Synthetic User 39,Synthetic User 39,Office 9,Distribution,45968,MW,,46001.23125,,46023,Synthetic note for record 01988,4010,OP270000274028,,,4086,46100.35,QN270000274123,46122.37639,46133.38958,,46155,46166,Synthetic note for record 01988,4257,4276,Synthetic Qtr 01988,Synthetic Yr_Qtr 01988
Synthetic Opportunity 02668,AMPLIFIERS,Q-402668,2/26/2025,QL-8002668,Synthetic Account 269,Prospect,Presented,Pending,Synthetic User 19,Prepaid,United States,Japan,ADP11871,16 weeks,5916,$196.35 ,"$1,161,606.60 ",Synthetic User 19,Synthetic User 19,Office 9,Distribution,45528,CS,,45561.92569,,45583,,7170,OP270000367188,,,7246,45660.04444,QN270000367283,45682.07083,,7341,45715,45726,Synthetic note for record 02668,7417,2436,Synthetic Qtr 02668,Synthetic Yr_Qtr 02668
Synthetic Opportunity 03348,AMPLIFIERS,Q-403348,9/9/2026,QL-8003348,Digikey,Distributor,Lost,Not Required,Synthetic User 49,Net 30,United States,Japan,ADP11871,4 weeks,9076,$205.75 ,"$1,782,072.60 ",Synthetic User 49,Synthetic User 49,Office 9,Distribution,46088,RF,,46121.62014,,46143,,330,OP270000460348,,,406,46220.73889,QN270000460443,46242.76528,,,46275,46286,,577,596,Synthetic Qtr 03348,Synthetic Yr_Qtr 03348
Synthetic Opportunity 03448,AMPLIFIERS,Q-403448,11/13/2025,QL-8003448,Synthetic Account 149,Prospect,Presented,Pending,Synthetic User 49,Prepaid,United States,Japan,ADP11871,12 weeks,2776,$196.35 ,"$545,067.60 ",Synthetic User 49,Synthetic User 49,Office 9,Distribution,45788,CS,,45821.13403,,45843,,4030,OP270000474048,,,4106,45920.25278,QN270000474143,45942.27917,,4201,45975,45986,Synthetic note for record 03448,4277,4296,Synthetic Qtr 03448,Synthetic Yr_Qtr 03448
Synthetic Opportunity 04808,AMPLIFIERS,Q-404808,3/13/2026,QL-8004808,Synthetic Account 9,Distributor,Presented,Approved,Synthetic User 9,Net 45,United States,Japan,ADP11871,12 weeks,9096,$196.35 ,"$1,785,999.60 ",Synthetic User 9,Synthetic User 9,Office 9,Distribution,45908,MW,,45941.52292,,45963,Synthetic note for record 04808,350,OP270000660368,,,426,46040.64167,QN270000660463,46062.66806,,,46095,46106,Synthetic note for record 04808,597,616,Synthetic Qtr 04808,Synthetic Yr_Qtr 04808
Synthetic Opportunity 06948,AMPLIFIERS,Q-406948,7/1/2024,QL-8006948,Synthetic Account 49,Customer,Presented,Not Required,Synthetic User 49,Net 30,United States,Japan,ADP11871,8 weeks,2276,$196.35 ,"$446,892.60 ",,Synthetic User 49,Office 9,Distribution,46288,RF,,45321.12014,,45343,Synthetic note for record 06948,3530,OP270000953548,,,3606,45420.23889,QN270000953643,45442.26528,,,45475,45486,Synthetic note for record 06948,3777,3796,Synthetic Qtr 06948,Synthetic Yr_Qtr 06948
Synthetic Opportunity 07048,AMPLIFIERS,Q-407048,6/1/2026,QL-8007048,Synthetic Account 149,Prospect,Presented,Pending,Synthetic User 49,Prepaid,United States,Japan,ADP11871,12 weeks,5976,$196.35 ,"$1,173,387.60 ",Synthetic User 49,Synthetic User 49,,Distribution,45988,CS,,46021.63403,,46043,Synthetic note for record 07048,7230,OP270000967248,,No,7306,46120.75278,QN270000967343,46142.77917,46153.79236,7401,46175,46186,Synthetic note for record 07048,7477,2496,Synthetic Qtr 07048,Synthetic Yr_Qtr 07048
Synthetic Opportunity 07728,AMPLIFIERS,Q-407728,3/18/2025,QL-8007728,Digikey,Distributor,Won,,Synthetic User 29,Net 30,United States,Japan,ADP11871,4 weeks,9136,$196.35 ,"$1,793,853.60 ",Synthetic User 29,Synthetic User 29,Office 9,Distribution,,RF,,,,,Synthetic note for record 07728,390,OP270001060408,,,,,QN270001060503,,,,45735,45746,Synthetic note for record 07728,637,656,Synthetic Qtr 07728,Synthetic Yr_Qtr 07728
Synthetic Opportunity 00352,AMPLIFIERS,Q-400352,2/20/2024,QL-8000352,Synthetic Account 53,Prospect,Presented,Pending,Synthetic User 3,Prepaid,United States,Japan,ADP11871,4 weeks,8624,$194.43 ,"$1,676,764.32 ",Synthetic User 3,Synthetic User 3,Office 3,Distribution,46156,CS,,46189.58403,,46211,Synthetic note for record 00352,9878,OP270000049896,,No,9954,46288.70278,QN270000049991,45310.72917,45321.74236,49,45343,45354,Synthetic note for record 00352,125,144,Synthetic Qtr 00352,Synthetic Yr_Qtr 00352
Synthetic Opportunity 01812,AMPLIFIERS,Q-401812,5/20/2026,QL-8001812,Synthetic Account 13,Customer,Presented,Not Required,Synthetic User 13,Net 30,United States,Japan,ADP11871,8 weeks,8644,$194.43 ,"$1,680,652.92 ",Synthetic User 13,Synthetic User 13,Office 3,Distribution,45976,RF,,46009.48681,,46031,Synthetic note for record 01812,9898,OP270000249916,,,9974,46108.60556,QN270000250011,46130.63194,,,46163,46174,Synthetic note for record 01812,145,164,Synthetic Qtr 01812,Synthetic Yr_Qtr 01812
Synthetic Opportunity 02492,AMPLIFIERS,Q-402492,3/6/2025,QL-8002492,Synthetic Account 93,Distributor,Presented,Approved,Synthetic User 43,Net 45,,Japan,ADP11871,16 weeks,1804,$194.43 ,"$350,751.72 ",Synthetic User 43,Synthetic User 43,Office 3,Distribution,45536,MW,,45569.18125,,45591,,3058,OP270000343076,,,3134,45668.3,QN270000343171,45690.32639,,3229,45723,45734,Synthetic note for record 02492,3305,3324,Synthetic Qtr 02492,Synthetic Yr_Qtr 02492
Synthetic Opportunity 02642,MICROWAVE,Q-402642,9/7/2026,QL-8002642,Synthetic Account 243,Distributor,Accepted,Approved,Synthetic User 43,Net 45,,Canada,ADP11871,6 weeks,2354,$194.43 ,"$457,688.22 ",Synthetic User 43,Synthetic User 43,Office 3,Distribution,46086,MW,,46119.45208,,46141,,3608,OP270000363626,,No,3684,46218.57083,QN270000363721,46240.59722,46251.61042,3779,46273,46284,Synthetic note for record 02642,3855,3874,Synthetic Qtr 02642,Synthetic Yr_Qtr 02642
Synthetic Opportunity 03272,AMPLIFIERS,Q-403272,11/21/2025,QL-8003272,Synthetic Account 273,Distributor,Presented,Approved,Synthetic User 23,Net 45,United States,Japan,ADP11871,12 weeks,8664,$194.43 ,"$1,684,541.52 ",Synthetic User 23,Synthetic User 23,Office 3,Distribution,45796,MW,,45829.38958,,45851,Synthetic note for record 03272,9918,OP270000449936,,No,9994,45928.50833,QN270000450031,45950.53472,45961.54792,89,45983,45994,,165,184,Synthetic Qtr 03272,Synthetic Yr_Qtr 03272
Synthetic Opportunity 03952,AMPLIFIERS,Q-403952,9/7/2024,QL-8003952,Synthetic Account 53,Prospect,Presented,Pending,Synthetic User 3,Prepaid,United States,Japan,ADP11871,4 weeks,1824,$194.43 ,"$354,640.32 ",,Synthetic User 3,Office 3,Distribution,45356,CS,,45389.08403,,45411,Synthetic note for record 03952,3078,OP270000543096,,No,3154,45488.20278,QN270000543191,45510.22917,45521.24236,,45543,45554,Synthetic note for record 03952,3325,3344,Synthetic Qtr 03952,Synthetic Yr_Qtr 03952
Synthetic Opportunity 04632,AMPLIFIERS,Q-404632,3/21/2026,QL-8004632,Synthetic Account 133,Customer,Presented,Not Required,Synthetic User 33,Net 30,United States,Japan,ADP11871,12 weeks,4984,$194.43 ,"$969,039.12 ",Synthetic User 33,Synthetic User 33,Office 3,Distribution,45916,RF,,45949.77847,,45971,,6238,OP270000636256,,,6314,46048.89722,QN270000636351,46070.92361,46081.93681,6409,46103,46114,,6485,1504,Synthetic Qtr 04632,Synthetic Yr_Qtr 04632
Synthetic Opportunity 04732,AMPLIFIERS,Q-404732,5/25/2025,QL-8004732,Synthetic Account 233,Prospect,Presented,Pending,Synthetic User 33,Prepaid,United States,Japan,ADP11871,16 weeks,8684,$194.43 ,"$1,688,430.12 ",Synthetic User 33,Synthetic User 33,Office 3,Distribution,45616,CS,,45649.29236,,45671,Synthetic note for record 04732,9938,OP270000649956,,No,14,45748.41111,QN270000650051,45770.4375,45781.45069,,45803,45814,Synthetic note for record 04732,185,204,Synthetic Qtr 04732,Synthetic Yr_Qtr 04732
Synthetic Opportunity 06092,AMPLIFIERS,Q-406092,9/22/2025,QL-8006092,Synthetic Account 93,Distributor,Presented,Approved,Synthetic User 43,Net 45,United States,Japan,ADP11871,16 weeks,5004,$194.43 ,"$972,927.72 ",Synthetic User 43,Synthetic User 43,Office 3,Distribution,45736,MW,,45769.68125,,45791,Synthetic note for record 06092,6258,OP270000836276,,No,6334,45868.8,QN270000836371,45890.82639,45901.83958,6429,45923,45934,Synthetic note for record 06092,6505,1524,Synthetic Qtr 06092,Synthetic Yr_Qtr 06092
Synthetic Opportunity 06872,AMPLIFIERS,Q-406872,6/9/2026,QL-8006872,Synthetic Account 273,Distributor,Presented,Approved,Synthetic User 23,Net 45,United States,Japan,ADP11871,12 weeks,1864,$194.43 ,"$362,417.52 ",Synthetic User 23,Synthetic User 23,Office 3,Distribution,45996,MW,,46029.88958,,46051,Synthetic note for record 06872,3118,OP270000943136,,No,3194,46128.00833,QN270000943231,46150.03472,46161.04792,3289,46183,46194,Synthetic note for record 06872,3365,3384,Synthetic Qtr 06872,Synthetic Yr_Qtr 06872
Synthetic Opportunity 00176,AMPLIFIERS,Q-400176,2/28/2024,QL-8000176,Synthetic Account 177,Distributor,Presented,Approved,Synthetic User 27,Net 45,United States,Japan,ADP11871,4 weeks,4512,$189.61 ,"$855,520.32 ",Synthetic User 27,Synthetic User 27,Office 7,Distribution,46164,MW,,46197.83958,,46219,Synthetic note for record 00176,5766,OP270000025784,,No,5842,45296.95833,QN270000025879,45318.98472,45329.99792,,45351,45362,Synthetic note for record 00176,6013,1032,Synthetic Qtr 00176,Synthetic Yr_Qtr 00176
Synthetic Opportunity 00276,AMPLIFIERS,Q-400276,1/28/2026,QL-8000276,Synthetic Account 277,Customer,Presented,Not Required,Synthetic User 27,Net 30,,Japan,ADP11871,8 weeks,8212,$189.61 ,"$1,557,077.32 ",Synthetic User 27,Synthetic User 27,,Distribution,45864,RF,,45897.35347,,45919,,9466,OP270000039484,,,,45996.47222,QN270000039579,,,,46051,46062,Synthetic note for record 00276,9713,4732,Synthetic Qtr 00276,Synthetic Yr_Qtr 00276
Synthetic Opportunity 00956,AMPLIFIERS,Q-400956,11/14/2024,QL-8000956,Synthetic Account 57,Distributor,Presented,Approved,Synthetic User 7,Net 45,United States,Japan,ADP11871,16 weeks,1372,$189.61 ,"$260,144.92 ",Synthetic User 7,Synthetic User 7,Office 7,Distribution,45424,MW,,45457.04792,,45479,Synthetic note for record 00956,2626,OP270000132644,,,2702,45556.16667,QN270000132739,45578.19306,45589.20625,,45611,45622,Synthetic note for record 00956,2873,2892,Synthetic Qtr 00956,Synthetic Yr_Qtr 00956
Synthetic Opportunity 02416,AMPLIFIERS,Q-402416,5/18/2024,QL-8002416,Synthetic Account 17,Prospect,Presented,Pending,Synthetic User 17,Prepaid,United States,Japan,ADP11871,4 weeks,1392,$189.61 ,"$263,937.12 ",Synthetic User 17,Synthetic User 17,Office 7,Distribution,46244,CS,,46277.95069,,45299,Synthetic note for record 02416,2646,OP270000332664,,No,2722,45376.06944,QN270000332759,45398.09583,45409.10903,,45431,45442,Synthetic note for record 02416,2893,2912,Synthetic Qtr 02416,Synthetic Yr_Qtr 02416
Synthetic Opportunity 02641,RF,Q-402641,8/21/2026,QL-8002641,Synthetic Account 242,Prospect,Draft,Pending,Synthetic User 42,Prepaid,,United States,ADP11871,5 weeks,2217,$189.61 ,"$420,365.37 ",Synthetic User 42,Synthetic User 42,Office 2,Direct,46069,CS,,46102.35694,,46124,,3471,OP270000363489,,Yes,3547,46201.47569,QN270000363584,46223.50208,46234.51528,3642,46256,46267,Synthetic note for record 02641,3718,3737,Synthetic Qtr 02641,Synthetic Yr_Qtr 02641
Synthetic Opportunity 03776,AMPLIFIERS,Q-403776,9/15/2024,QL-8003776,Synthetic Account 177,Distributor,Presented,Approved,Synthetic User 27,Net 45,United States,Japan,ADP11871,4 weeks,7712,$189.61 ,"$1,462,272.32 ",Synthetic User 27,Synthetic User 27,Office 7,Distribution,45364,MW,,45397.33958,,45419,Synthetic note for record 03776,8966,OP270000518984,,,,45496.45833,QN270000519079,45518.48472,,9137,45551,45562,Synthetic note for record 03776,9213,4232,Synthetic Qtr 03776,Synthetic Yr_Qtr 03776
Synthetic Opportunity 05916,AMPLIFIERS,Q-405916,9/30/2025,QL-8005916,Synthetic Account 217,Customer,Presented,Not Required,Synthetic User 17,Net 30,United States,Japan,ADP11871,16 weeks,892,$189.61 ,"$169,132.12 ",Synthetic User 17,Synthetic User 17,Office 7,Distribution,45744,RF,,45777.93681,,45799,Synthetic note for record 05916,2146,OP270000812164,,,2222,45876.05556,QN270000812259,45898.08194,45909.09514,2317,45931,45942,Synthetic note for record 05916,2393,2412,Synthetic Qtr 05916,Synthetic Yr_Qtr 05916
Synthetic Opportunity 06696,AMPLIFIERS,Q-406696,6/17/2026,QL-8006696,Synthetic Account 97,Customer,Presented,Not Required,Synthetic User 47,Net 30,United States,Japan,ADP11871,12 weeks,7752,$189.61 ,"$1,469,856.72 ",Synthetic User 47,Synthetic User 47,Office 7,Distribution,46004,RF,,46037.14514,,46059,Synthetic note for record 06696,9006,OP270000919024,,,9082,46136.26389,QN270000919119,46158.29028,46169.30347,9177,46191,46202,Synthetic note for record 06696,9253,4272,Synthetic Qtr 06696,Synthetic Yr_Qtr 06696
Synthetic Opportunity 07476,AMPLIFIERS,Q-407476,6/7/2024,QL-8007476,Synthetic Account 277,Customer,Presented,Not Required,Synthetic User 27,Net 30,United States,Japan,ADP11871,8 weeks,4612,$189.61 ,"$874,481.32 ",Synthetic User 27,Synthetic User 27,Office 7,Distribution,46264,RF,,45297.35347,,45319,Synthetic note for record 07476,5866,OP270001025884,,No,5942,45396.47222,QN270001025979,45418.49861,45429.51181,6037,45451,45462,Synthetic note for record 07476,6113,1132,Synthetic Qtr 07476,Synthetic Yr_Qtr 07476
Synthetic Opportunity 00100,AMPLIFIERS,Q-400100,2/5/2026,QL-8000100,Synthetic Account 101,Prospect,Presented,Pending,Synthetic User 1,Prepaid,United States,Japan,ADP11871,8 weeks,4100,$186.73 ,"$765,593.00 ",Synthetic User 1,Synthetic User 1,Office 1,Distribution,45872,CS,,45905.60903,,45927,,5354,OP270000015372,,No,5430,46004.72778,QN270000015467,46026.75417,46037.76736,5525,46059,46070,Synthetic note for record 00100,5601,620,Synthetic Qtr 00100,Synthetic Yr_Qtr 00100
Synthetic Opportunity 00780,AMPLIFIERS,Q-400780,11/22/2024,QL-8000780,Synthetic Account 181,Customer,Presented,Not Required,Synthetic User 31,Net 30,United States,Japan,ADP11871,16 weeks,7260,$186.73 ,"$1,355,659.80 ",,Synthetic User 31,Office 1,Distribution,45432,RF,,45465.30347,,45487,Synthetic note for record 00780,8514,OP270000108532,,No,8590,45564.42222,QN270000108627,45586.44861,45597.46181,,45619,45630,Synthetic note for record 00780,8761,3780,Synthetic Qtr 00780,Synthetic Yr_Qtr 00780
Synthetic Opportunity 01460,AMPLIFIERS,Q-401460,6/5/2026,QL-8001460,Synthetic Account 261,Distributor,Presented,Approved,Synthetic User 11,Net 45,United States,Japan,ADP11871,8 weeks,420,$186.73 ,"$78,426.60 ",Synthetic User 11,Synthetic User 11,Office 1,Distribution,45992,MW,,46025.99792,,46047,Synthetic note for record 01460,1674,OP270000201692,,,1750,46124.11667,QN270000201787,46146.14306,46157.15625,,46179,46190,Synthetic note for record 01460,1921,1940,Synthetic Qtr 01460,Synthetic Yr_Qtr 01460
Synthetic Opportunity 01560,AMPLIFIERS,Q-401560,8/9/2025,QL-8001560,Synthetic Account 61,Customer,Presented,Not Required,Synthetic User 11,Net 30,United States,Japan,ADP11871,12 weeks,4120,$186.73 ,"$769,327.60 ",Synthetic User 11,Synthetic User 11,Office 1,Distribution,45692,RF,,45725.51181,,45747,Synthetic note for record 01560,5374,OP270000215392,,,5450,45824.63056,QN270000215487,45846.65694,,,45879,45890,Synthetic note for record 01560,5621,640,Synthetic Qtr 01560,Synthetic Yr_Qtr 01560
Synthetic Opportunity 02240,AMPLIFIERS,Q-402240,5/26/2024,QL-8002240,Synthetic Account 141,Distributor,Presented,Approved,Synthetic User 41,Net 45,United States,Japan,ADP11871,4 weeks,7280,$186.73 ,"$1,359,394.40 ",Synthetic User 41,Synthetic User 41,Office 1,Distribution,46252,MW,,46285.20625,,45307,Synthetic note for record 02240,8534,OP270000308552,,No,8610,45384.325,QN270000308647,45406.35139,45417.36458,,45439,45450,Synthetic note for record 02240,8781,3800,Synthetic Qtr 02240,Synthetic Yr_Qtr 02240
Synthetic Opportunity 03020,AMPLIFIERS,Q-403020,2/10/2025,QL-8003020,Synthetic Account 21,Distributor,Presented,Approved,Synthetic User 21,Net 45,,Japan,ADP11871,16 weeks,4140,$186.73 ,"$773,062.20 ",Synthetic User 21,Synthetic User 21,Office 1,Distribution,45512,MW,,45545.41458,,45567,,5394,OP270000415412,,,5470,45644.53333,QN270000415507,45666.55972,45677.57292,,45699,45710,Synthetic note for record 03020,5641,660,Synthetic Qtr 03020,Synthetic Yr_Qtr 03020
Synthetic Opportunity 04380,AMPLIFIERS,Q-404380,6/10/2025,QL-8004380,Synthetic Account 181,Customer,Presented,Not Required,Synthetic User 31,Net 30,,Japan,ADP11871,16 weeks,460,$186.73 ,"$85,895.80 ",Synthetic User 31,Synthetic User 31,Office 1,Distribution,45632,RF,,45665.80347,,45687,,1714,OP270000601732,,,1790,45764.92222,QN270000601827,45786.94861,,,45819,45830,Synthetic note for record 04380,1961,1980,Synthetic Qtr 04380,Synthetic Yr_Qtr 04380
Synthetic Opportunity 05060,AMPLIFIERS,Q-405060,3/27/2024,QL-8005060,Synthetic Account 261,Distributor,Presented,Approved,Synthetic User 11,Net 45,United States,Japan,ADP11871,8 weeks,3620,$186.73 ,"$675,962.60 ",Synthetic User 11,Synthetic User 11,Office 1,Distribution,46192,MW,,46225.49792,,46247,Synthetic note for record 05060,4874,OP270000694892,,No,4950,45324.61667,QN270000694987,45346.64306,45357.65625,,45379,45390,Synthetic note for record 05060,5121,140,Synthetic Qtr 05060,Synthetic Yr_Qtr 05060
Synthetic Opportunity 05160,AMPLIFIERS,Q-405160,2/25/2026,QL-8005160,Synthetic Account 61,Customer,Presented,Not Required,Synthetic User 11,Net 30,United States,Japan,ADP11871,12 weeks,7320,$186.73 ,"$1,366,863.60 ",Synthetic User 11,Synthetic User 11,Office 1,Distribution,45892,RF,,45925.01181,,45947,Synthetic note for record 05160,8574,OP270000708592,,No,8650,46024.13056,QN270000708687,46046.15694,46057.17014,,46079,46090,Synthetic note for record 05160,8821,3840,Synthetic Qtr 05160,Synthetic Yr_Qtr 05160
Synthetic Opportunity 05840,AMPLIFIERS,Q-405840,12/12/2024,QL-8005840,Synthetic Account 141,Distributor,Presented,Approved,Synthetic User 41,Net 45,United States,Japan,ADP11871,4 weeks,480,$186.73 ,"$89,630.40 ",Synthetic User 41,Synthetic User 41,Office 1,Distribution,45452,MW,,45485.70625,,45507,Synthetic note for record 05840,1734,OP270000801752,,No,1810,45584.825,QN270000801847,45606.85139,45617.86458,1905,45639,45650,Synthetic note for record 05840,1981,2000,Synthetic Qtr 05840,Synthetic Yr_Qtr 05840
Synthetic Opportunity 06520,AMPLIFIERS,Q-406520,6/25/2026,QL-8006520,Synthetic Account 221,Prospect,Presented,Pending,Synthetic User 21,Prepaid,United States,Japan,ADP11871,12 weeks,3640,$186.73 ,"$679,697.20 ",Synthetic User 21,Synthetic User 21,Office 1,Distribution,46012,CS,,46045.40069,,46067,Synthetic note for record 06520,4894,OP270000894912,,No,4970,46144.51944,QN270000895007,46166.54583,46177.55903,5065,46199,46210,Synthetic note for record 06520,5141,160,Synthetic Qtr 06520,Synthetic Yr_Qtr 06520
Synthetic Opportunity 07300,AMPLIFIERS,Q-407300,6/15/2024,QL-8007300,Synthetic Account 101,Prospect,Presented,Pending,Synthetic User 1,Prepaid,United States,Japan,ADP11871,8 weeks,500,$186.73 ,"$93,365.00 ",Synthetic User 1,Synthetic User 1,Office 1,Distribution,46272,CS,,45305.60903,,45327,,1754,OP270001001772,,,1830,45404.72778,QN270001001867,45426.75417,,,45459,45470,,2001,2020,Synthetic Qtr 07300,Synthetic Yr_Qtr 07300
Synthetic Opportunity 00005,RF,Q-400005,5/31/2024,QL-8000005,Synthetic Account 6,Distributor,Draft,Approved,Synthetic User 6,Net 45,,United States,ADP12054,9 weeks,,,,Synthetic User 6,Synthetic User 6,Office 6,Direct,46257,MW,,46290.57083,,45312,Synthetic note for record 00005,2339,OP270000002357,,,2415,45389.68958,QN270000002452,45411.71597,,,45444,45455,Synthetic note for record 00005,2586,2605,Synthetic Qtr 00005,Synthetic Yr_Qtr 00005
Synthetic Opportunity 00007,FILTERS,Q-400007,7/4/2024,QL-8000007,Synthetic Account 8,Prospect,Expired,Pending,Synthetic User 8,Prepaid,,Germany,ADP12055,11 weeks,,,,Synthetic User 8,Synthetic User 8,Office 8,Direct,46291,CS,,45324.76111,,45346,Synthetic note for record 00007,2613,OP270000002631,,,2689,45423.87986,QN270000002726,45445.90625,,,45478,45489,Synthetic note for record 00007,2860,2879,Synthetic Qtr 00007,Synthetic Yr_Qtr 00007
Synthetic Opportunity 00604,AMPLIFIERS,Q-400604,11/30/2024,QL-8000604,Synthetic Account 5,Prospect,Presented,Pending,Synthetic User 5,Prepaid,,Japan,ADP11871,16 weeks,,,,Synthetic User 5,Synthetic User 5,Office 5,Distribution,45440,CS,,45473.55903,,45495,Synthetic note for record 00604,4402,OP270000084420,,,4478,45572.67778,QN270000084515,45594.70417,,4573,45627,45638,Synthetic note for record 00604,4649,4668,Synthetic Qtr 00604,Synthetic Yr_Qtr 00604
Synthetic Opportunity 01032,AMPLIFIERS,Q-401032,9/2/2025,QL-8001032,Synthetic Account 133,Customer,Presented,Not Required,Synthetic User 33,Net 30,,Japan,ADP11871,12 weeks,,,,Synthetic User 33,Synthetic User 33,Office 3,Distribution,45716,RF,,45749.27847,,45771,Synthetic note for record 01032,3038,OP270000143056,,No,3114,45848.39722,QN270000143151,45870.42361,45881.43681,,45903,45914,,3285,3304,Synthetic Qtr 01032,Synthetic Yr_Qtr 01032
Synthetic Opportunity 01132,AMPLIFIERS,Q-401132,11/6/2024,QL-8001132,Synthetic Account 233,Prospect,Presented,Pending,Synthetic User 33,Prepaid,,Japan,ADP11871,16 weeks,,,,Synthetic User 33,Synthetic User 33,Office 3,Distribution,45416,CS,,45449.79236,,45471,Synthetic note for record 01132,6738,OP270000156756,,No,,45548.91111,QN270000156851,45570.9375,45581.95069,,45603,45614,Synthetic note for record 01132,6985,2004,Synthetic Qtr 01132,Synthetic Yr_Qtr 01132
Synthetic Opportunity 01636,AMPLIFIERS,Q-401636,5/28/2026,QL-8001636,Synthetic Account 137,Prospect,Presented,Pending,Synthetic User 37,Prepaid,United States,Japan,ADP11871,8 weeks,,,,Synthetic User 37,Synthetic User 37,Office 7,Distribution,45984,CS,,46017.74236,,46039,Synthetic note for record 01636,5786,OP270000225804,,No,5862,46116.86111,QN270000225899,46138.8875,46149.90069,,46171,46182,,6033,1052,Synthetic Qtr 01636,Synthetic Yr_Qtr 01636
Synthetic Opportunity 01888,AMPLIFIERS,Q-401888,6/11/2024,QL-8001888,Synthetic Account 89,Prospect,Presented,Pending,Synthetic User 39,Prepaid,United States,Japan,ADP11871,4 weeks,,,,Synthetic User 39,Synthetic User 39,Office 9,Distribution,46268,CS,,45301.71736,,45323,Synthetic note for record 01888,310,OP270000260328,,,386,45400.83611,QN270000260423,45422.8625,,,45455,45466,Synthetic note for record 01888,557,576,Synthetic Qtr 01888,Synthetic Yr_Qtr 01888
Synthetic Opportunity 02316,AMPLIFIERS,Q-402316,3/14/2025,QL-8002316,Synthetic Account 217,Customer,Presented,Not Required,Synthetic User 17,Net 30,United States,Japan,ADP11871,16 weeks,,,,Synthetic User 17,Synthetic User 17,Office 7,Distribution,45544,RF,,45577.43681,,45599,Synthetic note for record 02316,8946,OP270000318964,,No,,45676.55556,QN270000319059,,45709.59514,,45731,45742,Synthetic note for record 02316,9193,4212,Synthetic Qtr 02316,Synthetic Yr_Qtr 02316
Synthetic Opportunity 02640,AMPLIFIERS,Q-402640,8/4/2026,QL-8002640,Synthetic Account 241,Customer,Presented,Not Required,Synthetic User 41,Net 30,,Japan,ADP11870,4 weeks,,,,Synthetic User 41,Synthetic User 41,Office 1,Distribution,46052,RF,,46085.26181,,46107,,3334,OP270000363352,,No,3410,46184.38056,QN270000363447,46206.40694,46217.42014,3505,46239,46250,Synthetic note for record 02640,3581,3600,Synthetic Qtr 02640,Synthetic Yr_Qtr 02640
Synthetic Opportunity 02643,FILTERS,Q-402643,9/24/2026,QL-8002643,Synthetic Account 244,Customer,Expired,Not Required,Synthetic User 44,Net 30,,Germany,ADP11871,7 weeks,,,,Synthetic User 44,Synthetic User 44,Office 4,Direct,46103,RF,,46136.54722,,46158,,3745,OP270000363763,,Yes,3821,46235.66597,QN270000363858,46257.69236,46268.70556,3916,46290,45301,Synthetic note for record 02643,3992,4011,Synthetic Qtr 02643,Synthetic Yr_Qtr 02643
Synthetic Opportunity 02744,AMPLIFIERS,Q-402744,12/15/2025,QL-8002744,Synthetic Account 45,Distributor,Presented,Approved,Synthetic User 45,Net 45,,Japan,ADP11871,12 weeks,,,,Synthetic User 45,Synthetic User 45,Office 5,Distribution,45820,MW,,45853.15625,,45875,Synthetic note for record 02744,7582,OP270000377600,,,7658,45952.275,QN270000377695,45974.30139,,,46007,46018,Synthetic note for record 02744,7829,2848,Synthetic Qtr 02744,Synthetic Yr_Qtr 02744
Synthetic Opportunity 03524,AMPLIFIERS,Q-403524,9/1/2026,QL-8003524,Synthetic Account 225,Distributor,Presented,Approved,Synthetic User 25,Net 45,United States,Japan,ADP11871,8 weeks,,,,,Synthetic User 25,Office 5,Distribution,46080,MW,,46113.36458,,46135,Synthetic note for record 03524,4442,OP270000484460,,No,4518,46212.48333,QN270000484555,46234.50972,46245.52292,4613,46267,46278,Synthetic note for record 03524,4689,4708,Synthetic Qtr 03524,Synthetic Yr_Qtr 03524
Synthetic Opportunity 04141,RF,Q-404141,4/8/2025,QL-8004141,Synthetic Account 242,Prospect,Draft,Pending,Synthetic User 42,Prepaid,Canada,United States,ADP12055-T,17 weeks,,,,Synthetic User 42,Synthetic User 42,Office 2,Direct,45569,CS,,45602.06528,,45624,Synthetic note for record 04141,8971,OP270000568989,,Yes,9047,45701.18403,QN270000569084,45723.21042,45734.22361,9142,45756,45767,Synthetic note for record 04141,9218,4237,Synthetic Qtr 04141,Synthetic Yr_Qtr 04141
Synthetic Opportunity 05236,AMPLIFIERS,Q-405236,3/19/2024,QL-8005236,Synthetic Account 137,Prospect,Presented,Pending,Synthetic User 37,Prepaid,United States,Japan,ADP11871,8 weeks,,,,Synthetic User 37,Synthetic User 37,Office 7,Distribution,46184,CS,,46217.24236,,46239,Synthetic note for record 05236,8986,OP270000719004,,No,9062,45316.36111,QN270000719099,45338.3875,45349.40069,,45371,45382,Synthetic note for record 05236,9233,4252,Synthetic Qtr 05236,Synthetic Yr_Qtr 05236
Synthetic Opportunity 05336,AMPLIFIERS,Q-405336,2/17/2026,QL-8005336,Synthetic Account 237,Distributor,Presented,Approved,Synthetic User 37,Net 45,United States,Japan,ADP11871,12 weeks,,,,Synthetic User 37,Synthetic User 37,Office 7,Distribution,45884,MW,,45917.75625,,45939,Synthetic note for record 05336,2686,OP270000732704,,No,2762,46016.875,QN270000732799,46038.90139,46049.91458,2857,46071,46082,,2933,2952,Synthetic Qtr 05336,Synthetic Yr_Qtr 05336
Synthetic Opportunity 06016,AMPLIFIERS,Q-406016,12/4/2024,QL-8006016,Synthetic Account 17,Prospect,Presented,Pending,Synthetic User 17,Prepaid,United States,Japan,ADP11871,,,,,Synthetic User 17,Synthetic User 17,Office 7,Distribution,45444,CS,,45477.45069,,45499,Synthetic note for record 06016,5846,OP270000825864,,No,5922,45576.56944,QN270000825959,45598.59583,45609.60903,,45631,45642,Synthetic note for record 06016,6093,1112,Synthetic Qtr 06016,Synthetic Yr_Qtr 06016
